{
    "k_bond": 4.949018670048588,
    "k_anti": 0.7339952350462525,
    "alpha_bond": 0.7598876719263612,
    "alpha_anti": 676.825831743688,
    "beta_bond": 399.56752191776957,
    "beta_anti": 600.9751540056625,
    "zeta_bond": 19.8889947405577,
    "zeta_anti": 37.250217045163645,
    "phi_bond": 0.9842484020600498,
    "phi_anti": 0.8358950466229967,
    "kappa_bond": 21.316179359678937,
    "kappa_anti": 42.19555584913321
}