{
    "k_bond": 29.914026142123856,
    "k_anti": 98.5065441138483,
    "alpha_bond": 876.1430035124588,
    "alpha_anti": 199.9999999999983,
    "beta_bond": 258.31155815208473,
    "beta_anti": 798.1584968660283,
    "zeta_bond": 2.665441141367318,
    "zeta_anti": 45.493651407370095,
    "phi_bond": 18.57018561742526,
    "phi_anti": 95.279983905635,
    "kappa_bond": 299.98597182849414,
    "kappa_anti": 60.97421846422138
}