{
    "k_bond": 0.8468009289061511,
    "k_anti": 3.8489306926059697,
    "alpha_bond": 122.7827415687095,
    "alpha_anti": 78.87902218781939,
    "beta_bond": 84.4346202605908,
    "beta_anti": 39.59243115488071,
    "zeta_bond": 299.92860058215535,
    "zeta_anti": 35.46133898598248,
    "phi_bond": 57.34629214633694,
    "phi_anti": 43.8101516127255,
    "kappa_bond": 157.9632575463682,
    "kappa_anti": 13.671916501244588
}