{
    "k_bond": 1.4699050274989796,
    "k_anti": 89.59230235369823,
    "alpha_bond": 11.299892651205056,
    "alpha_anti": 4.511170278278371,
    "beta_bond": 10.383677055631605,
    "beta_anti": 13.967181670921377,
    "zeta_bond": 30.05280186065046,
    "zeta_anti": 46.73954344949834,
    "phi_bond": 3.980152901235509,
    "phi_anti": 18.82170338909546,
    "kappa_bond": 5.155018134653141,
    "kappa_anti": 20.600136602253087
}