{
    "k_bond": 1.822919125783306,
    "k_anti": 80.4693673484833,
    "alpha_bond": 667.5914066893083,
    "alpha_anti": 82.90379487464719,
    "beta_bond": 4999.9999995955,
    "beta_anti": 59.791840912918914,
    "zeta_bond": 4999.999999998703,
    "zeta_anti": 41.08502067099238,
    "phi_bond": 0.9835032715563949,
    "phi_anti": 44.146314842848255,
    "kappa_bond": 1431.8176580158442,
    "kappa_anti": 0.6294187456830784
}