{
    "k_bond": 50.279472973385786,
    "k_anti": 0.18665300933034978,
    "alpha_bond": 346.0068200821816,
    "alpha_anti": 366.0348211288057,
    "beta_bond": 419.19969279179423,
    "beta_anti": 1495.4500261854787,
    "zeta_bond": 707.7710959281393,
    "zeta_anti": 127.74779930860089,
    "phi_bond": 344.6456076630755,
    "phi_anti": 1.0337231006809995,
    "kappa_bond": 51.04176637547893,
    "kappa_anti": 22.966426973913823
}