{
    "k_bond": 0.05771543898192449,
    "k_anti": 365.66982877133796,
    "alpha_bond": 3500.000000000001,
    "alpha_anti": 1231.388563134428,
    "beta_bond": 2792.821116301734,
    "beta_anti": 191.39678313461488,
    "zeta_bond": 899.9999999992204,
    "zeta_anti": 4.2390826885662465,
    "phi_bond": 4.439386223546114,
    "phi_anti": 107.84920053108591,
    "kappa_bond": 300.00000000024284,
    "kappa_anti": 800.0801212781379
}