{
    "k_bond": 2.08493146639691,
    "k_anti": 12.177197265778373,
    "alpha_bond": 2543.0561985985228,
    "alpha_anti": 91.35298580911902,
    "beta_bond": 898.154152816134,
    "beta_anti": 99.82026402731042,
    "zeta_bond": 68.83035387295155,
    "zeta_anti": 88.79962427652819,
    "phi_bond": 2.278125073034456,
    "phi_anti": 70.20901139319801,
    "kappa_bond": 3712.572586109116,
    "kappa_anti": 70.22642419489105
}