{
    "k_bond": 0.044252160109418216,
    "k_anti": 0.2644092543651475,
    "alpha_bond": 499.5714629918189,
    "alpha_anti": 399.99999999990706,
    "beta_bond": 699.9999999999569,
    "beta_anti": 783.0851457351489,
    "zeta_bond": 99.99999999969731,
    "zeta_anti": 53.14288133884567,
    "phi_bond": 4.625815665199116,
    "phi_anti": 1.7267844891726938,
    "kappa_bond": 5.831411898779764,
    "kappa_anti": 8.53630328839593
}