{
    "k_bond": 0.5473532715815221,
    "k_anti": 0.5534414424478571,
    "alpha_bond": 471.65512892710785,
    "alpha_anti": 2.01347983528565e-07,
    "beta_bond": 27.5111201375813,
    "beta_anti": 19.43098735114863,
    "zeta_bond": 184.089745387824,
    "zeta_anti": 97.43577261590484,
    "phi_bond": 62.27515390625511,
    "phi_anti": 88.4823513042712,
    "kappa_bond": 24.947253360690706,
    "kappa_anti": 726.1835789911322
}