{
    "k_bond": 0.6240956422277517,
    "k_anti": 98.19322984445846,
    "alpha_bond": 86.51837612415834,
    "alpha_anti": 81.06116164080962,
    "beta_bond": 37.12008220973845,
    "beta_anti": 66.75506608757205,
    "zeta_bond": 11.929347949826399,
    "zeta_anti": 46.34665819298937,
    "phi_bond": 5.99362624161773,
    "phi_anti": 54.18253370212523,
    "kappa_bond": 3.064218774724757e-08,
    "kappa_anti": 72.09868950818927
}