{
    "k_bond": 0.47639214440613364,
    "k_anti": 44.571857009991945,
    "alpha_bond": 37.064078562660605,
    "alpha_anti": 335.6359057270935,
    "beta_bond": 6.001979275701992,
    "beta_anti": 32.061121303811454,
    "zeta_bond": 12.900070232775168,
    "zeta_anti": 80.38002019804883,
    "phi_bond": 1.5066181945690718,
    "phi_anti": 1.0437974837099118,
    "kappa_bond": 46.72943521522418,
    "kappa_anti": 29.225140856610345
}