{
    "k_bond": 84.7521083603874,
    "k_anti": 37.473991374968854,
    "alpha_bond": 899.9999999998021,
    "alpha_anti": 29.890639041388216,
    "beta_bond": 499.99999999996976,
    "beta_anti": 91.25511541690284,
    "zeta_bond": 499.99999999998005,
    "zeta_anti": 27.17122438124387,
    "phi_bond": 1.0357961559252908,
    "phi_anti": 35.96817980360271,
    "kappa_bond": 9999.999999999965,
    "kappa_anti": 8.876658989868913
}