{
    "k_bond": 14.608026255992126,
    "k_anti": 71.58055351990318,
    "alpha_bond": 10.03332263472887,
    "alpha_anti": 603.96103583844,
    "beta_bond": 796.8657644492579,
    "beta_anti": 96.96687322290559,
    "zeta_bond": 186.16716521313393,
    "zeta_anti": 58.67807003497803,
    "phi_bond": 201.3499166988558,
    "phi_anti": 41.56164217869581,
    "kappa_bond": 232.90031813717647,
    "kappa_anti": 898.3341973501849
}