{
    "k_bond": 129.2231416200746,
    "k_anti": 97.34405089427811,
    "alpha_bond": 840.7645215689373,
    "alpha_anti": 199.93131115147492,
    "beta_bond": 867.3443149168706,
    "beta_anti": 9.87894523685425,
    "zeta_bond": 240.91863538729024,
    "zeta_anti": 54.08478792996263,
    "phi_bond": 49.790540987829836,
    "phi_anti": 0.9667509611087367,
    "kappa_bond": 498.95412509673207,
    "kappa_anti": 54.228297954253826
}