{
    "k_bond": 49.50849490084601,
    "k_anti": 4.522124699097828,
    "alpha_bond": 4662.143044608975,
    "alpha_anti": 15.668051703655618,
    "beta_bond": 95.42923521135215,
    "beta_anti": 14.637972102530739,
    "zeta_bond": 20.135935757529932,
    "zeta_anti": 83.15804586526934,
    "phi_bond": 99.78468313678914,
    "phi_anti": 56.323458960094605,
    "kappa_bond": 611.0479434209233,
    "kappa_anti": 98.99162399806765
}