{
    "k_bond": 88.52126264528243,
    "k_anti": 0.4608439432811183,
    "alpha_bond": 4.214720317440903e-10,
    "alpha_anti": 614.2925922601929,
    "beta_bond": 87.62489427971494,
    "beta_anti": 99.98051674251465,
    "zeta_bond": 97.88850178886818,
    "zeta_anti": 67.73685208553862,
    "phi_bond": 97.15264550963315,
    "phi_anti": 49.81392775305058,
    "kappa_bond": 5.593872907622706e-10,
    "kappa_anti": 38.437631456672825
}