{
    "k_bond": 0.4471279715602084,
    "k_anti": 0.3245864713628082,
    "alpha_bond": 3177.163176712664,
    "alpha_anti": 122.41994815290111,
    "beta_bond": 476.7046049073739,
    "beta_anti": 453.5744396235926,
    "zeta_bond": 864.0396602811911,
    "zeta_anti": 651.7636518296431,
    "phi_bond": 395.8233891689127,
    "phi_anti": 1.32606549639387,
    "kappa_bond": 913.9071539791327,
    "kappa_anti": 9.101992848642961
}