{
    "k_bond": 4.718671429326181,
    "k_anti": 17.609448908324985,
    "alpha_bond": 9.999999997651358,
    "alpha_anti": 74.03583209896419,
    "beta_bond": 34.13529671279608,
    "beta_anti": 12.82010156711856,
    "zeta_bond": 36.31805754842004,
    "zeta_anti": 47.636095054953266,
    "phi_bond": 90.27755904085076,
    "phi_anti": 39.82097087296137,
    "kappa_bond": 93.85832752375345,
    "kappa_anti": 79.12873002512899
}