{
    "k_bond": 5.8520499841761096,
    "k_anti": 3.486236461122603,
    "alpha_bond": 0.6987382224569763,
    "alpha_anti": 7.018011952917363,
    "beta_bond": 3.0148581152370166,
    "beta_anti": 2.44655238587219,
    "zeta_bond": 6.780548640076912,
    "zeta_anti": 9.157517075189144,
    "phi_bond": 1.6269326440476868,
    "phi_anti": 0.2988838171921073,
    "kappa_bond": 5.490807152503033,
    "kappa_anti": 6.69604141785258
}