{
    "k_bond": 46.690879322044886,
    "k_anti": 9.122188056075895,
    "alpha_bond": 10.26073890133223,
    "alpha_anti": 4.404665210311858e-09,
    "beta_bond": 656.5705225510743,
    "beta_anti": 666.2339808102008,
    "zeta_bond": 91.01836273891945,
    "zeta_anti": 678.8076268761083,
    "phi_bond": 0.8472797947321867,
    "phi_anti": 1.221448264244041,
    "kappa_bond": 378.99432708607605,
    "kappa_anti": 42.43214814246468
}