{
    "k_bond": 0.6155393675263204,
    "k_anti": 75.39142612240076,
    "alpha_bond": 2.1113486565815242e-10,
    "alpha_anti": 20.74195491320767,
    "beta_bond": 98.24799269854205,
    "beta_anti": 75.29259516006572,
    "zeta_bond": 1.3438621019722925,
    "zeta_anti": 1.3156692239812369,
    "phi_bond": 43.573132451272215,
    "phi_anti": 91.11969284319346,
    "kappa_bond": 70.93018667598952,
    "kappa_anti": 94.38848179985845
}