{
    "k_bond": 0.16124462141066984,
    "k_anti": 85.11544300632286,
    "alpha_bond": 4.98782318473835,
    "alpha_anti": 46.87157331339662,
    "beta_bond": 2.013514004572044,
    "beta_anti": 23.278996579595493,
    "zeta_bond": 53.92551131473204,
    "zeta_anti": 33.51598548496907,
    "phi_bond": 1.9980018709156173,
    "phi_anti": 4.002498025285373,
    "kappa_bond": 4.01193172054051,
    "kappa_anti": 37.61852887827768
}